키워드,제목,원문링크,발행일(KST),수집시각(KST),출처
일학습병행,한국공대 일학습병행 공동훈련센터 ‘3관왕’…“지정 11년 만의 성과” - v.daum.net,https://news.google.com/rss/articles/CBMiT0FVX3lxTFBMWVRDbTV5QkJ3d2JPZVZMRzhPOFZZY2xuTzh5dFk1dkNtVEVheUhzMVdpb0dKSHdOY0ItanFlWFh5QzVLV0VFd2hrRi1aWnM?oc=5&hl=en-US&gl=US&ceid=US:en,2024-12-05 17:00,2025-10-29 13:10,news.google.com
일학습병행,"‘기업-학생 교류’ 배재대 IPP사업단, 일학습병행 교육훈련 출범식 - 충남일보",https://news.google.com/rss/articles/CBMic0FVX3lxTE1qT3hkb1pyUVVyRHdDR3VaRVJWLXVtZk9BakczZXRuaGVGUUt2ZVNnR1ZrendmMWpVR1FJMW5HbWYtVGFNOHpEOWxLU05HOWZQQXFQVWg0b1FoZFc4My1ZalZlS3V0T2JSZGo5ZkZMaFpnb28?oc=5&hl=en-US&gl=US&ceid=US:en,2025-07-14 16:00,2025-10-29 13:10,news.google.com
일학습병행,2025년 하반기 일학습병행 우수공동훈련센터 탐방 프로그램 성료 - gukjenews.com,https://news.google.com/rss/articles/CBMibkFVX3lxTE5sWjlaZWRxQXlodlJDSVVlS01rWHNsQW5qZE5UdDB3N0pMLVpfX09mN0o5LV9ZT0VwNlhtUTlEZjRiVGZWOE9aLXVrdDNYR3lSX3pscVFia3ItRkFHMHJMOEl5c2FmOVBiQ25XeE5n?oc=5&hl=en-US&gl=US&ceid=US:en,2025-10-02 16:00,2025-10-29 13:10,news.google.com
일학습병행,"영진전문대, 특성화·마이스터고 일학습병행 채용 설명회 - 중앙일보",https://news.google.com/rss/articles/CBMiVkFVX3lxTE5PV3djZVR1am5pc2p2NnpXcXVOWl9TMzdhdklweGRIb3RXS19LdHdhLTFxdThhYmNlWC1nVnVlREpVQUdIdmJXZ3RJbUpQVTBuWkd4aEN3?oc=5&hl=en-US&gl=US&ceid=US:en,2025-05-22 16:00,2025-10-29 13:10,news.google.com
일학습병행,"한국교통대학교, 일학습병행 성과평가 2년 연속 A등급 달성 - 뉴스1",https://news.google.com/rss/articles/CBMiX0FVX3lxTE5HemhaalhMUUNRN0E5RlN6NzZLVVlYR1pCNVY0cjV6NmJMQUJyV0M4YnkyRGptXzFnQWpwb2ZnMWtSVGVJNlhuN2xqTTljZGxrQXp3TmpWb3ZXWUFzVC1V?oc=5&hl=en-US&gl=US&ceid=US:en,2025-06-23 16:00,2025-10-29 13:10,news.google.com
일학습병행,"""현장실습이 취업으로"" 인하대 일학습병행제, 취업률 10%p 높였다 - 파이낸셜뉴스",https://news.google.com/rss/articles/CBMiWkFVX3lxTFAtOUtidGJGZkRyTUlCb0s5dm5QaURJMDBYSDdhcHI1Q3lPb0cwV1cyTEtHU3JWYjJmNmtHZ2lSQlp3VEh1a21wRGhHZ3pVdzhkckt5R0RxenFoQdIBXkFVX3lxTE8tNk8xYnJNdXJMRjZ3YXlSTF83bGRUMVZXZExoY3ktWFowaU5ZYzNUVjFHeGMxNmxwbE1LdGZXVUFrX0hqSl9xM0FzNzNoUnoyTXM2Sl9PNlpRYjNjb2c?oc=5&hl=en-US&gl=US&ceid=US:en,2025-02-06 17:00,2025-10-29 13:10,news.google.com
일학습병행,"남서울대, 일학습병행사업 ‘A등급’ 획득 - 아이뉴스24",https://news.google.com/rss/articles/CBMiTEFVX3lxTE8xa1JXdmdkcHo2V0lQZWhGTjdUTTV6WlpnUGMyQmx5aVpKZWFjUGpoREYyblhTcmJEUEVfcEhadlppeEVQWG5qNjhYSHU?oc=5&hl=en-US&gl=US&ceid=US:en,2025-06-23 16:00,2025-10-29 13:10,news.google.com
일학습병행,"""내 일 찾고, 대학서 내일 꿈꾼다""…'일·학습 병행' 내세운 특성화고 - 한국경제",https://news.google.com/rss/articles/CBMiWkFVX3lxTE9QVWJfRzdFaHU2cTBxOXNUNy1JeFVQYU1OV0ZoOUVfTjg1bEwwVjlFaF90YTJ4NU5IV0VqWXRmWkxfU3lPY2VpdTFDU1FnTDNoV1J4WUlfT1U2Z9IBVEFVX3lxTE1pTzlrS0lVckthTnQyTndlYWNMYlRENFd2Rm9lWGV2N3czTWJtakJTdG5aaWx2MF91Rm1tbmVJVnB4RTBvNnhJbHB4WnQtM1l0NmhOUg?oc=5&hl=en-US&gl=US&ceid=US:en,2025-05-29 16:00,2025-10-29 13:10,news.google.com
일학습병행,"권창준 차관, 일학습병행 기업 방문 - 연합뉴스",https://news.google.com/rss/articles/CBMiW0FVX3lxTE5FTXA4ZlVKVFFMZzBleUhudE5ZOVZqRzkxWmF6RHJHRlRLVUFWeTdWdTFoWWVBV0hTSXVweHJKTzhfVkV0UzlkLTZfOTlUMm8tT0ZOY2pPZlhVMGPSAWBBVV95cUxObDBRNm9TSnRtR0xaOWs3QWtpdVViZkNrYU96akQyYVVUYzhYbG9qbTJMaEhzSnNRODhGMEEyZ2t1VjBIVWlhLWlZd1NWU3dFMGJhM09HZXhGLV9KTmxXVDE?oc=5&hl=en-US&gl=US&ceid=US:en,2025-10-23 16:12,2025-10-29 13:10,news.google.com
일학습병행,"[울산소식]울산폴리텍 대보에스앤피, 일·학습 병행 '우수상' 등 - 뉴시스",https://news.google.com/rss/articles/CBMiYEFVX3lxTFBvY2hqRlFpT2ZHaWo2MjVWY09LNmZpZGhGdTdJdV9oS0NWUlBVaVl3UGg2cjRQeHllVHROVEJ0U1FQVVFmS2lyUU5fS0ZJNUFzb0IwcUI5eHZWWk8wbFVhT9IBeEFVX3lxTE5semx1Q0dncHV3N3BybmZOLVY5c0RVSDJIaTZzSzB5Slh0b25EbnFtQ29tMnBhZXJrV3NRQkY0X3FNZU9HTEpYZ3IwUERJcWlRVkw1aFFXM1NmNFdvTHpVdmFqUTIwdzZNdGxBUU5TOXBhYnRvNmd5UA?oc=5&hl=en-US&gl=US&ceid=US:en,2025-09-29 16:00,2025-10-29 13:10,news.google.com
일학습병행,"한국기술교육대, ㈜스테코와 ‘일학습병행 사업협약’ 체결 - 백제뉴스",https://news.google.com/rss/articles/CBMia0FVX3lxTE16aTNyc0dpanFlX0hjSXo0VTBMTkFwamlxZG1IZnYyZGNMY05jWG1GWjdpU2t0Z1FhZy13YzNMdWZnY0FyZ0ttZDlEbHZpYllTdzY1SWNTanhOREd3WkJSYzlRaDBnV2tkaFVB?oc=5&hl=en-US&gl=US&ceid=US:en,2025-07-17 16:00,2025-10-29 13:10,news.google.com
일학습병행,"충남경제진흥원, 외국인정책 발굴 및 활성화 역량강화 워크숍 개최 - 충청타임즈",https://news.google.com/rss/articles/CBMiaEFVX3lxTE5SZl92NlQ5V3YyUGVlUm5mS3dXT3pFTDk1QkU4bUNyTTFwVzZRTWtXdW5WNVdLUERZd0NNMGdIaExXYURjaUQ4WVBrck8td0FiV3NnN0hGRkM4eEVCaWhBVm1BUllzSkRH?oc=5&hl=en-US&gl=US&ceid=US:en,2025-07-06 16:00,2025-10-29 13:10,news.google.com
일학습병행,"영남이공대, 쿠팡과 일학습병행 인재 양성 박차 - 파이낸셜뉴스",https://news.google.com/rss/articles/CBMiWkFVX3lxTE4xVS12clVjMGNJV1hjd3BiamZjRWtLaGlQRWRVM3hiM3Jic09DRW5tNXU4QllTaTQtQ3A0UllBcHpTZ1pQZ0taMGNhV0hqVkNqVFhKa2l1X1JWQdIBXkFVX3lxTE1MM3I3bnNBMnZTdUtWRFJGZ0dnSEFfekQwM2loUkF5YTFibGhtMVF5MjdiaFNwWVBQLVJKb0k2X215UGVXdXAzLUItclFwZVNYbDdFZW9zSkw5N3UzMGc?oc=5&hl=en-US&gl=US&ceid=US:en,2025-09-17 16:00,2025-10-29 13:10,news.google.com
일학습병행,"교통대, 일·학습병행 합격자 2명 장학금 수여 - 아이뉴스24",https://news.google.com/rss/articles/CBMiTEFVX3lxTE1GSm1TSGxHTXJ4R0ZfdmF6em1wZm1ST19iaVFRWjBwdTBqSTY5OHhxUEZ3STFUWkYydlRBWnVYMUpBZ2p1bkFRWG1MWEs?oc=5&hl=en-US&gl=US&ceid=US:en,2025-06-19 16:00,2025-10-29 13:10,news.google.com
일학습병행,"배재대학교, 일학습병행사업 7번째 '최우수' 달성 - news.tf.co.kr",https://news.google.com/rss/articles/CBMiW0FVX3lxTE9fd0J5blZZeTExYkpYcVk5SDRmS2cyZWJkRDJxNXc1LXd3NHVqMHlmcEJYdkhDZmN2YWxRMDM3X2JHQVhkcXlLblFOV0FEX2hPMEVNZVNzQW1TODTSAVZBVV95cUxPZzFIM0t6V3E4VlhyWkgyc0lNak1lQU1FSFJpQVBiNkQzdlUyVGpoR0dmYlFkUVhnVm4yWWNxZTJRbkdvZGt6MjR3VXNxd05YM0EwN3dhdw?oc=5&hl=en-US&gl=US&ceid=US:en,2025-06-28 16:00,2025-10-29 13:10,news.google.com
일학습병행,"한국공학대, 일학습병행 성과평가 2년 연속 ‘S등급’… 현장기반 교육 선도 입증 - 조선일보",https://news.google.com/rss/articles/CBMijgFBVV95cUxQSm05TmEtQkdfZzZvUzZFWUxZc09aM0xfVVNjRTdrOFIyZmp4eFFYc01oOU0tSDBmbzJTRGVGUHpRNm5QM0Y5R1VCaTY3N0hNNUx4RnU4N2xZUG0xWFgyeTh4M2laX3NrTlZRMlFZcjJ0T050bnd4VHo1OWZPa0RVMVduM1ZQYk1xRVV0dEpB?oc=5&hl=en-US&gl=US&ceid=US:en,2025-06-25 16:00,2025-10-29 13:10,news.google.com
일학습병행,"남서울대, 일학습병행 첨단산업아카데미사업 'S등급' 획득 - 베리타스알파",https://news.google.com/rss/articles/CBMia0FVX3lxTE1VeGdXTThJaDhOZEN2TFF3QXJ1cVlyV1NkYTFXTTg1cXJ4cDRWTUJqU2xmeE5BUHRIWmdBaWJPTHk5a0RmSGNVOTUwcHdHdTFjYTFSd1pJbmItcG5RdzZjREVjWXpFWmRHUTI0?oc=5&hl=en-US&gl=US&ceid=US:en,2025-07-02 16:00,2025-10-29 13:10,news.google.com
일학습병행,"영남이공대, 일학습병행 통한 스태츠칩팩코리아 채용설명회 성료 - 경북신문",https://news.google.com/rss/articles/CBMiWEFVX3lxTE5zQVNSdUxZRnVMUFNLdDNGSjAwRmMzdE1uTGNrb2tTX2EzNXctbjZ5ZVVtSkpqMFBiMHVraTRlM1U1WnhwSEdWMnVEay1PT3ZkM1dESWFIX3o?oc=5&hl=en-US&gl=US&ceid=US:en,2025-04-16 16:00,2025-10-29 13:10,news.google.com
일학습병행,"대전교육청, 고교단계 일학습병행 성과평가 ‘최우수등급’ 달성 - 투데이플러스",https://news.google.com/rss/articles/CBMickFVX3lxTE1tOFhFWjJ2STVYUFFqVV8ybHpHRGhGa0pONGVZSE5OczZOaUJHMlFMQ0U5UTByei14THhaa3o2c0J6aXZXWjFuVkZJcy16TXpySF84bzFDQTdRaXFHQnlzcktXVkIyUll3U1VnT2tZcHotdw?oc=5&hl=en-US&gl=US&ceid=US:en,2025-08-04 16:00,2025-10-29 13:10,news.google.com
일학습병행,"경남대, 2024년 일학습병행 공동훈련센터 성과평가 ‘A등급’ - 뉴스프리존",https://news.google.com/rss/articles/CBMic0FVX3lxTE5zU25OTXJSQmZKTWkxNUhOa3hvLWczMFpIWjdkZzhPWWI3SG1NcklaeVJuRmFodTNTOTIzbWZfQm5BbU5BQTgyWmExc2k4YlFPRmpuWmhYdmtEZGZqdERScHpSS1ltbmgxODdWcHZqS0k2TDTSAXdBVV95cUxNY0RDaFoyMUNaY3BQekNROHhVRk1NZDUwb0U4NUtBcVFMWkpKVGVhb1kzZ0dPSmZTdHR0YkY3MkhzZS1oVlZxR0xrOFgtWkQwbmUwcHplZ0F4RVJHUExOOVNUOW51M1gwSmkwQ0FTb0RaNmdWN2xJMA?oc=5&hl=en-US&gl=US&ceid=US:en,2025-07-31 16:00,2025-10-29 13:10,news.google.com
일학습병행,"한국교통대, 전국금속노련 충북지역본부와 '일학습병행 활성화 협약 - gukjenews.com",https://news.google.com/rss/articles/CBMibkFVX3lxTE1BZDI3eTlFU3hWTTNQRnZ0Zi1vT18yUmRaSE95c29Rcy1RMHU5RV9tRlV3M3BYdElVQkx2NTFrTXRTZlktWlVUa2NJRS1wSHJwWTVFVWNXTzZHeV9XdmRmbGIzT211aWQ0UXBOMFNB?oc=5&hl=en-US&gl=US&ceid=US:en,2025-10-14 16:00,2025-10-29 13:10,news.google.com
일학습병행,일 학습병행 취업 면접 실전 대비반 운영 - 제민일보,https://news.google.com/rss/articles/CBMiZ0FVX3lxTE03elFYa3hhWlZyZUhtS0pVcUFGVUdPX0VmanJ3dGo5VjhmaDl6SFVhNTc2QUExOUJveFR2M08yWDBRbEQ3ZWdJT1ZTaTBDLWVhTm42MzN6eUxRVjFYN3I4dkQzQlpHV0E?oc=5&hl=en-US&gl=US&ceid=US:en,2025-07-09 16:00,2025-10-29 13:10,news.google.com
일학습병행,"광운대, 2024년 IPP형 일학습병행 성과평가 최우수 - 뉴시스",https://news.google.com/rss/articles/CBMiYEFVX3lxTFB3TXVhcjc2aWd1WE1JMFZReGNDRUZRaE1xZGthVEg2aDJtalcyaGRQT28zTGpLZ2pSX3Bxc2FIbkFKUkNWbUQ0WGZRaEhWTjZxdzF3VnRySXRBMWlJRXlrSNIBeEFVX3lxTE54b2FSekkySDVjeUcwc1FHU2J0YnlTRGpCLXFMSHNxWFY2eGZjUDRjR2Z0Z1d1UGVtVnljQ2hMV0ZVaG41OGwzbzY5VUlrZERVZnlScGJQSTVST3NheXBwQ2FFR1V5TmZobkVxR0Fua1JtVURxXzhSMQ?oc=5&hl=en-US&gl=US&ceid=US:en,2025-07-23 16:00,2025-10-29 13:10,news.google.com
일학습병행,"협성대학교, 2026년도 4년제대 일학습병행 참여 기업 모집 - 비욘드포스트",https://news.google.com/rss/articles/CBMifEFVX3lxTE5QUDJnZnp5dmktS3ZVVzFhUTlRVVllU3NCUFotSHZOMXRaek9aYTN4akMyZlZpaEFTS3lJai1HUnBReHdtN3VnRUFpVTlreHdjVWIyQkVuSTJDcGtzNEpTMGd4aWhJbGNRc1Q3QUYwMnpBdTZrRjYtQURvSE0?oc=5&hl=en-US&gl=US&ceid=US:en,2025-07-11 16:00,2025-10-29 13:10,news.google.com
일학습병행,"한국산업인력공단, 고교생 일학습병행 학습근로자 대상 '신기술 특강' 실시 - 시사일보",https://news.google.com/rss/articles/CBMiTEFVX3lxTFAwYjNyRjU0bmxlaVYxdzNqa1RQeVB4c0ZQc2pjbzBCcGdHeENuZkFhSDZlLW1aRmlJdUc5TE5XVUVjWmJ3NWNtazZWbFA?oc=5&hl=en-US&gl=US&ceid=US:en,2025-09-25 16:00,2025-10-29 13:10,news.google.com
일학습병행,"중부대 공동훈련센터, 일학습병행 성과 평가 '4년 연속 우수 A등급' - news.tf.co.kr",https://news.google.com/rss/articles/CBMiW0FVX3lxTFBVc1o0eTdfcExteHlwQW1hUjNWVndSNUh4ekJVWnBGdTc4cmppTGxBRTNZTi1Pa1JLRGtRVVRXXzlndVJEbWM2Y3lUU1FlRURKX1BDU29NQ3BGMDTSAVZBVV95cUxOWVhfRHBWb1pJaFc2TDNZckI4Y2dXSm1lODNPeFRPTDVyVzJ4ZUtESjQzZ09fYy1oanktUkhTSmZvYTduODdSQjZBVFBNbklDQzZHUmxSZw?oc=5&hl=en-US&gl=US&ceid=US:en,2025-06-16 16:00,2025-10-29 13:10,news.google.com
일학습병행,"인하공전, 고용부 일학습병행 평가 4년 연속 A등급 - segye.com",https://news.google.com/rss/articles/CBMiWEFVX3lxTFB1M2stdFhmUTluekYtcXk2VU84SWJkc3JKZkR2MldDVk1DRTlmLWNseG5yOWN6Z19lbUM0cndhMHFjMVNST2JXN1k0Wjc0ZFNSMmVIa3RYZWHSAVRBVV95cUxNVnNhMUVjMXkxb18wbWlZRjJhRzQ1WmtmbHFuOGlvdTJuN0RRREh4ZUNBOGdwS3ZjWWNYLWlSamxISHZkU1BiR2N0UjBWRGVQc0FQTkE?oc=5&hl=en-US&gl=US&ceid=US:en,2025-07-09 16:00,2025-10-29 13:10,news.google.com
일학습병행,일학습병행 학습근로자 네트워크 커뮤니티 통해 현장 소통 강화 - 세종경제뉴스,https://news.google.com/rss/articles/CBMibEFVX3lxTE1RRTR2aXotVGFkRE0zVHZlaXZOSENUMEUxWk8tSlR4VFhRWW1sWVdKVi1NNzd0ZnNWaTIxQzNyS08tRGVIdGlpN3BJZ1NBbjFJYVhGSHFUQjg1THZmeWtBWVNKTEFnV2RPOFZjZtIBcEFVX3lxTFBOcEpCSllyeXFuV1ZzV1dCUmY1ZW9oYVlzcmVDcjhtZzNmYmh3UGpaNjN4dXF4NzdTWjZ6Mk5KaENEcU1kbU84WW8wemY1VkFWM2cySjJoYTdyODVBbUlEN19DNFB3SFAwVV92ZmY2czM?oc=5&hl=en-US&gl=US&ceid=US:en,2025-10-27 14:34,2025-10-29 13:10,news.google.com
일학습병행,"경북조리과학고, 2025년 일학습병행 설명회 - 문경시민신문",https://news.google.com/rss/articles/CBMie0FVX3lxTE53TkttZTdTUV9YaEk1NVFzTy1BYWt2Z2tvY3oxODUwa0ZuS2RHUEtHeXJLU1RHZ0N0Y0N0MlF6TDdoOVg3RTZWSktDdEpFRXJCMEhJTVhQMW1IYUJvc2hHZjhhZmNRNGpUSUh0blpCX3l1WG56V3UteG1JZw?oc=5&hl=en-US&gl=US&ceid=US:en,2025-10-24 17:07,2025-10-29 13:10,news.google.com
일학습병행,"인하대, 일학습병행 첨단산업 아카데미 학습기업 담당자 간담회 개최 - 한국NGO신문",https://news.google.com/rss/articles/CBMiaEFVX3lxTE1abHE0cGp0aTlzS25uc010RDVTWXBsUmZTdExuRXZOUHFSeUtLdFIyVzdwcFVpVFlmTTV2RkVobzhtVUN6QjRMU29UbnFNZ2dZWGEzZUxuMnFkY0JZM29WTk1fbXRWWUxx?oc=5&hl=en-US&gl=US&ceid=US:en,2025-06-27 16:00,2025-10-29 13:10,news.google.com
일학습병행,일학습병행 사업 네트워크 강화 - 파주타임스,https://news.google.com/rss/articles/CBMia0FVX3lxTE5SWG5RQ0R1dG94eU5uSGwxT2pPSnFFX1hGV2Utd3lFc1VQN0hZOFR4MkxncHpxcjZIMkcxenU5R3UwT0I4MEJLNDFXU2JJQk1Ib3M4YkFDd2JCSjNENTQtTlBIc3B6NzFfOGVF?oc=5&hl=en-US&gl=US&ceid=US:en,2025-02-20 17:00,2025-10-29 13:10,news.google.com
일학습병행,"한국공학대, '일학습병행 공동훈련센터 성과평가' 2년 연속 최우수 ‘S등급’ 획득 - 이코노믹포스트",https://news.google.com/rss/articles/CBMiTEFVX3lxTFB4V2JyQUtxckFiWjltZ1R6SG12YWdZTzQtRFpKMnZMZGpDdzR1bDA4YTlueXpxVmdWU0dQeTJGWnAwTTBWQ3ZhbW04T3Q?oc=5&hl=en-US&gl=US&ceid=US:en,2025-06-26 16:00,2025-10-29 13:10,news.google.com
일학습병행,"영남이공대-쿠팡 '일학습병행' 업무협약…""AI 인재 양성"" - 뉴스1",https://news.google.com/rss/articles/CBMiX0FVX3lxTFBMZV9GMjBLZ3BsNXBkVmdSSzJIZzF5elB2UmRudU1kZXNIV2ZGVVpaMEtwTXlGUUoycVBhTDlucjF3ZXhDcDNsSXl0SWxtQ3gwYzZERmttb1RKVXlJWUJz?oc=5&hl=en-US&gl=US&ceid=US:en,2025-09-17 16:00,2025-10-29 13:10,news.google.com
일학습병행,"한국기술교육대-㈜스테코, ‘일학습병행 사업협약’ 체결 - 한국NGO신문",https://news.google.com/rss/articles/CBMiakFVX3lxTFB6WnRpV1Z6aVdlbUNlNUtreHZHdG9uOVNtN05qdTBidkVLaENuMU4yUmM0eDg3TV82VjZBQlVwVWdoRFdJMkg3Sjh4ZDhnam9rS0hHc0lUdE9Xa3p4aVEyLUZZdDhTazdNZ0E?oc=5&hl=en-US&gl=US&ceid=US:en,2025-07-17 16:00,2025-10-29 13:10,news.google.com
일학습병행,"동서대, 일학습병행 첨단아카데미 사업 최고 등급 획득 - 노컷뉴스",https://news.google.com/rss/articles/CBMiUkFVX3lxTFB5UlBpMmtRMG5rQ0N3QnFIWlhhR3V5enVkMWZWY0ZLRG82MEs3YlpxRFdhN0xUSERITUlaN0MxekJad1Zmd2ExTi1wMEUxRG8zQWc?oc=5&hl=en-US&gl=US&ceid=US:en,2025-07-09 16:00,2025-10-29 13:10,news.google.com
일학습병행,"한라대학교, IPP형 일학습병행 평가 '우수대학' 선정 - 뉴시스",https://news.google.com/rss/articles/CBMiYEFVX3lxTFBrcDlsRHpPSHFxMk1vcTZ3WllHZmRyQlFZZlRoWUVfdHFYVjNyYVpMWGNJM0NjSU5LeDI5RWItcURXdXZTaC1tekpNNHI0Z0xKZ3Fta0lMTkRScFZiYWs5VNIBeEFVX3lxTE1sZzJER2hCdWdwY3J4NVRCQmdoVzg3UWtuLWxJMFc1ZjBuai16MFRMaUxndm15Nnl2WXJGdkNVZXNLNmdPb3hVZFdkWWNSTVJzNklDZ29Vc1pTN2NvdlAzaG11RDczSWJ4MjR5YzRIdXUtRzEtcE1QLQ?oc=5&hl=en-US&gl=US&ceid=US:en,2025-06-26 16:00,2025-10-29 13:10,news.google.com
일학습병행,"동서대, 일학습병행 사업 성과 공유회 성황리에 마무리 - 한국대학신문",https://news.google.com/rss/articles/CBMiZkFVX3lxTE54MDRnOWV2UF8wcU15aTNOaWgyelhlTVlmWS1xQmR0YXNDemZfQ2hNNjRNQmpSZF9jaWtCZG9sd29uNzNrZHZtcllWeVk0UjlZNF9ydVp0Vk5ueHpCWWxBeHlNcjgtdw?oc=5&hl=en-US&gl=US&ceid=US:en,2025-02-10 17:00,2025-10-29 13:10,news.google.com
일학습병행,"시흥시 '일학습병행제' 시행, 기업 인력·청년 취업 한번에 해결 - 경기일보",https://news.google.com/rss/articles/CBMiW0FVX3lxTFBmUXMzdy1lQWpqd0twQ3NMMVQ4MS1xeTZkRkFhYV9JMVhWU1Y1MUx0SU80ODJEZVRzeG5tZFJtRkQ0OUk5RmFTZHlNTUU0TGwxY2RmVjlRSVVwSkU?oc=5&hl=en-US&gl=US&ceid=US:en,2025-02-03 17:00,2025-10-29 13:10,news.google.com
일학습병행,"구미대학교, ‘일학습병행 학습기업 워크숍’ 개최 - 구미일보",https://news.google.com/rss/articles/CBMiYEFVX3lxTFBIWGFnRklhRDMydGdQQks4aldLX3Q0akdQT2lPNGZ6MjNfSFpYOGZrMXIzeGlpdFRoVElPS3kxOWY3YU1taTRfbU1ZUm5tcGY5enNtWW5uajgxMkY2aV9Rdg?oc=5&hl=en-US&gl=US&ceid=US:en,2025-09-15 16:00,2025-10-29 13:10,news.google.com
일학습병행,취업지원센터 일·학습병행제 연계교육 - 제민일보,https://news.google.com/rss/articles/CBMiZ0FVX3lxTE1xcVd1U3FvOXJWeUpwQlFOQ29xSVpwZ0ZTdk9YZzhseVhnUk5QSkJVSGdzT1o0OEZRdjZIaWxwb2VMbW5zaVFQbDNDQTJ1Y0hlMzAtMUVLOHk2SXZOTkNvTHpCUm9HNGM?oc=5&hl=en-US&gl=US&ceid=US:en,2025-08-18 16:00,2025-10-29 13:10,news.google.com
일학습병행,"한국폴리텍대학 진주캠퍼스, 일학습병행 공동훈련센터 'S등급' - 뉴스1",https://news.google.com/rss/articles/CBMiX0FVX3lxTFA3VFFHcWJLT3JfdGh6NTVhUVRZclRtUkxzRUFZX2ZMUlRBd21paEVTLURZUGtzdE56YXQ0azNpNV9xWG9PbkM0NjB3LTRFSENyZ29WOXBtYXFUa3J5VWQ4?oc=5&hl=en-US&gl=US&ceid=US:en,2025-06-11 16:00,2025-10-29 13:10,news.google.com
일학습병행,공기계로 출결관리…'일학습병행' 보조금 47억 가로채 - 뉴스1,https://news.google.com/rss/articles/CBMiX0FVX3lxTE1aWkxoVDliS2lua3hwVzM4R004bzZvYy1YZG45M0ZraEdoTi1mOTBaOUliN09sRFQ2RzRkbHRQTm41Y3RlWTJwdTczTkNIdlRRcTlPajhKX0dtQ1EyeVYw?oc=5&hl=en-US&gl=US&ceid=US:en,2025-08-04 16:00,2025-10-29 13:10,news.google.com
일학습병행,"배화여대, 한국폴리텍Ⅱ대학과 고교단계 일학습병행 지원단 업무 활성화 협약 - 한국대학신문",https://news.google.com/rss/articles/CBMiZkFVX3lxTE03Vl9qb3d2UXh3dUlXdms1aUQybG45VU83TERYNjVyN0cwRm80dnhla1pHYUVNbndRNF9NU0lWZnNvaThtZk4zeFhndU9UR2w3TUtwRUFYTHhfdlZNV1pXVkRoTE5LUQ?oc=5&hl=en-US&gl=US&ceid=US:en,2025-09-12 16:00,2025-10-29 13:10,news.google.com
일학습병행,"동서대, 일학습병행 훈련센터 성과 평가서 최고 'S등급' - 뉴시스",https://news.google.com/rss/articles/CBMiYEFVX3lxTE5mRW9EX1lKWVM0SXB6TlpKemU3X2dJbDgtYnJick43dk9uSlIzY3ZzTGVCcVQ1cnJpLUlNaWZIU01fNG9FUUxPdmt2NHlTZXJLN1dsZTFFQ3RYcF8tQzRiTdIBeEFVX3lxTE5HZm5sVVNhS0Nrcnp6Vm5xSDVTQ0pteFlya29QY2Zmc2ViRFZlLVctNmFyVGtPZFBpYVZfZmFjRXJfZEZwTEtsZjhZalB3YXhURVdxSHU5Yk04aWE0M1RZWmRmdkFrWHFxTy1KdC11NkVZekpXeTRzOQ?oc=5&hl=en-US&gl=US&ceid=US:en,2025-07-09 16:00,2025-10-29 13:10,news.google.com
일학습병행,배재대 IPP 사업단 '일학습병행 도제식교육 오리엔테이션 · 출범식' 개최 - 충청비즈,https://news.google.com/rss/articles/CBMiYkFVX3lxTE0zUzZPN3o3NDBqNWo1N1BhQTZCSi1rejhnNE5yOWtoNUlUYWljMHgwVVVoX3pfNG9HbndVcHpyYVBHNGQ2V1NGdW10bnJwVER4ZGZsa0hGdnV2VUVyTDRScTV3?oc=5&hl=en-US&gl=US&ceid=US:en,2025-07-14 16:00,2025-10-29 13:10,news.google.com
일학습병행,"영산대, 일학습병행 성과평가 A등급 획득…산학협력 모범사례로 우뚝 - 경상일보",https://news.google.com/rss/articles/CBMibEFVX3lxTE1TUFpaQmFDQ2FINWpxOVlZVFR1NnBOaUw3dXZsTUp1ZEhSaDJzcVNScjJVWENnc1dKeW42SldkVUNiWDE4Wk51UE44N21uMlh2cWJHdmJ3Z3k3dkVZb2JIUkFVLWN0TWhBTEpiZQ?oc=5&hl=en-US&gl=US&ceid=US:en,2025-07-30 16:00,2025-10-29 13:10,news.google.com
일학습병행,"경인여대, 일학습병행 공동훈련센터 상반기 학습기업 간담회 - 국민일보",https://news.google.com/rss/articles/CBMiZ0FVX3lxTFB5X2JzWDdTcWUyaHduejBlWk5VdTUzb2NfR2ZaYnczbGtRdjRPTG5ZSk5GNW1SVWxQaDNlSWdXYmtFby03YmtET1pwVFZPTU5FN3F0Z1VzR3U4RUJHYkItc0tVUVFjUGPSAWxBVV95cUxPM1VPck1VNTZUenB0T1FuRFhNcTNQcUd3a09GLWExVzNCeUtvbnl5V1pTTmlEa0NLVVdBTzNRNlJHSHd6cG5KazFzMjV3Uk9qc3REbllIS2pDVThaaERuOWhlUXY3Rnk4VjljS3I?oc=5&hl=en-US&gl=US&ceid=US:en,2025-07-01 16:00,2025-10-29 13:10,news.google.com
일학습병행,"국립한국교통대, ‘철마제’와 ‘대동제’에서 ‘일학습병행제도 홍보 부스’ 운영 - 교수신문",https://news.google.com/rss/articles/CBMiZ0FVX3lxTE5qblp4bTJhZ212bWV2SmNrdFpBMVVRNmFEbVh0TXJsdUZ1cVBXa3g4UFF5MUhmYlpGUlJkSHE3ckJBYzBsR05Pc1VJcjdQV1pKM0JzdkhCVUtKNG41Ukd2cVo3bHMzZmc?oc=5&hl=en-US&gl=US&ceid=US:en,2025-09-23 16:00,2025-10-29 13:10,news.google.com
일학습병행,"거제대 공동훈련센터, 2년 연속 일학습병행 최우수 훈련기관 선정 - 거제신문",https://news.google.com/rss/articles/CBMibEFVX3lxTFBPY1YzYkdpVzl1elpSY2Q3WXZpbkdDc0Z0bVBwcUtqN2Q2M1JtRWhaQkQ5NU9LVmoyQ0hRTzRoQlJ6eFQySDREZUw5WEtSUG04OUhJQ0FPMkdyYlo4UGdRWU4xNlFZLWhpa1lYNw?oc=5&hl=en-US&gl=US&ceid=US:en,2025-07-17 16:00,2025-10-29 13:10,news.google.com
일학습병행,[단독] '외국인 유학생 일학습병행제' 수료 3명뿐 - 네이트,https://news.google.com/rss/articles/CBMieEFVX3lxTFBoaFFWUVpTX2lCNk1ISmZkNWFfcjFqakpmY21ZcmxpV3htQy16WjlNMDdjcVVlZ25aZkk5VTdjNEM0QXd4c0pFeDVBOVNZWS1FRmFpTEh4NXNaNVVVQUdzYUxXa1VfVF9nYUE3cHdKZVoycWxOX1c2VA?oc=5&hl=en-US&gl=US&ceid=US:en,2025-10-19 16:00,2025-10-29 13:10,news.google.com
일학습병행,실무형 인재 키우는 ‘일학습병행’… 규제 풀고 자율성 높였다 - 동아일보,https://news.google.com/rss/articles/CBMidkFVX3lxTFBXcnJma0tpOUZUTmdja0pZTV9uVUpYUThzY3pnVDBwU19KNC1tQU5LXzNhYzFLZUtyZ0RIYW5oQndyeEk5cDl6cDlFZC00MXhqd04xUE0tSjlrZWJ0dHd1UVhTazFPc3pleU91V2ItN1FrcVgyckHSAWZBVV95cUxOM0xHNXNuVFBnanZ4TmRSekZuS0ZsNlh0a25ra0hrXy1GMkM0RlFuYlJkVkg5dFZTX3lreGpUZTRaY1RoWTdaeUNNWmxJaFNjRE9nNmRYNDJDSUtQOVdBQlBONkpmRFE?oc=5&hl=en-US&gl=US&ceid=US:en,2024-12-26 17:00,2025-10-29 13:10,news.google.com
일학습병행,[단독] ‘유학생 일학습병행제’ 수료 3명뿐 - MSN,https://news.google.com/rss/articles/CBMimAJBVV95cUxNMW5pR3RscUx2enRHXzhQMm5LU1l3TUZ3X0FCRTgtYTNCNjJhZzYwV0t2Q0xUblgwSjFndVVwUjdEb3U2OHhzdWtuTkxsM3pVeVd5V2lzQm1NX3NpbEpEUm5NRlM5YlNTYWFISldqbHRReFBrdE5fcDl1Ylp3RmdudTcxZEpCNVUwRVV3Z05Bd0l1cDg0anNabXowemNrRmhycXdxVkNYVk9kZ1A3RThlaFc1X2J1cG1ZaTY4ZHV6clRNTGlWSXY0bm5SM3d0YlBSbi1KeGFUWlJicEdnTTRNNWZTSnptLW1XZkJTMU11bml1VS1QVXFMV2VFc3huel95aGlLRjVFZVVWaDdLRDU5a0RXY0xZRVIx?oc=5&hl=en-US&gl=US&ceid=US:en,2025-10-20 16:50,2025-10-29 13:10,news.google.com
일학습병행,"한국마사회, NCS 기반 일학습병행제에 '말이용' 종목 신설 - 뉴스1",https://news.google.com/rss/articles/CBMiZEFVX3lxTE0ycmhnQ3F3aDg1RGRqYVBSNFRNTnp0R25OWmJzYUYyZWlxcFZPLWVGZ2tVWDNtX0FWem1aWjAtMGNJOS1ScUtPQTBZc016TlJ5MFYxYktJaHVuVkJzVXVCNlBtc28?oc=5&hl=en-US&gl=US&ceid=US:en,2025-07-05 16:00,2025-10-29 13:10,news.google.com
일학습병행,"인하대, 일학습병행 사업 4년 연속 우수대학(A등급) 선정 - 경기일보",https://news.google.com/rss/articles/CBMiW0FVX3lxTE1GZ3Q5S2F3NTBuNlYwMUZuX3NyMWlhVUQySGVsdWZhWms1SDVoX2JjOFJEUHAwNDFNMFFCc0plUEZZWkRsVzZNNkI1T1p6eDUtWHNqRld2VVUtbWs?oc=5&hl=en-US&gl=US&ceid=US:en,2025-06-23 16:00,2025-10-29 13:10,news.google.com
일학습병행,"인하대, 일학습병행 사업 4년 연속 우수대학(A등급) 선정 - 한국NGO신문",https://news.google.com/rss/articles/CBMiaEFVX3lxTFBVSzhiYU45emN6cjBlS1NKRGpfRXBWVEpGdm93VDA2OHVZQUZIcFZ1LWZZMXpDSGZ4YTlfY0RPSmpTUktHXzdhVENnclFOeWZxNzJpQWFqNzhNWWxCVmdHaEZTT1ZvOG1y?oc=5&hl=en-US&gl=US&ceid=US:en,2025-06-23 16:00,2025-10-29 13:10,news.google.com
일학습병행,"교통대-충북 금속노련, 일·학습 병행 활성화 맞손 - 충청일보",https://news.google.com/rss/articles/CBMicEFVX3lxTFBvQVE3VXVZYzkxbm1CRWcxYnV0NEoxaFIwbWpQNTd4Q1YyYllnTFNoTEF6LTloZF9FeWNOSDJmeUE5UHZ0aUpBMmpwUVd3NmtVR0RZdVJDMWhieTl0XzFtOUg3Zy1qWkt1ZjB0WElfLTU?oc=5&hl=en-US&gl=US&ceid=US:en,2025-10-14 17:53,2025-10-29 13:10,news.google.com
일학습병행,"한기대, 일학습병행 기업전담인력 역량 UP! - 충청뉴스",https://news.google.com/rss/articles/CBMibEFVX3lxTE40cGxJdnFUeEpDbFMyNGRvS2VoUjllQmFfZVJDVVJlYTQybnQ2emxNZEljaGVIUXRHTEU2dEU3VVFnWmYwclNLZnZoZ21DWmswM1pRZUZYeGo3WmFGM2RHQl9Qc0pHX2ZrQ1B2Qw?oc=5&hl=en-US&gl=US&ceid=US:en,2025-06-17 16:00,2025-10-29 13:10,news.google.com
일학습병행,"재능대, 특성화고 앰코 일학습병행 합격자 현장견학 프로그램 진행 - 교수신문",https://news.google.com/rss/articles/CBMiZ0FVX3lxTE00S2NjMEhMdFo4dDRRZG9ycW1TWnpkZzVoQTJScDVCTl9NUU1zQjRzYlY5T3RrTmNsMVUtU2FweUJ5OGtZbG9JSHI4RUFBWFVsUVVodXhLMkZQaFhISjREZFNLWEJHX2s?oc=5&hl=en-US&gl=US&ceid=US:en,2025-09-30 16:00,2025-10-29 13:10,news.google.com
일학습병행,"익산폴리텍대, 일학습병행 성과평가 ‘5년 연속 최우수’ - 전북일보 인터넷신문",https://news.google.com/rss/articles/CBMiVEFVX3lxTE5WWE9vWWkxVlJFVC1lTGdpWXFWdFppTVBSM29BQ2plQmpqSDRDTnFEZzc3bVlnZVVXMmxXZHhVNks2dDJXa2w0cGk4SW1Gd19CNG5EYdIBWEFVX3lxTE1vQWRZaUxPZ29FWmdDbUlkRjVHdW9IM3AySmJvUzdnNjZzM2hQcXJPQzRCUkNDLWJKZFNpWnNLMUlDZEU4V0RZZ0ZwNk1yNkFTQmtGbmV1aDU?oc=5&hl=en-US&gl=US&ceid=US:en,2025-05-27 16:00,2025-10-29 13:10,news.google.com
일학습병행,"한국교통대-전국금속노련 충북본부, 일학습병행 활성화 MOU - 중도일보",https://news.google.com/rss/articles/CBMiZEFVX3lxTE5Cb1VNU250U29ld2RyRUZ4aGpNUzA3REE4d2dFTXJrQlBaMTVXMTJBRmlvN1BFaldqTzRxY3NwRUNLdE41Q2lvcVFIaWtkSllXbUVOUEN4Q1hueXFDMkFXM1E0bVU?oc=5&hl=en-US&gl=US&ceid=US:en,2025-10-14 16:49,2025-10-29 13:10,news.google.com
일학습병행,"아산폴리텍대, 고교단계 일학습병행 세무회계분야 커뮤니티 개최 - 엠뉴스",https://news.google.com/rss/articles/CBMiZEFVX3lxTE1EWlpzeElQc3FyQm5zVlFfYzZnbFBEOXFnalZqakJhc01JcXZyM0dkNVd0Uk1aMmRLNW56di1iU3p2VUZLNnQ3LTRybjdkSGJaT20tUVA2S1pYMHltcTZnbkJzZ3A?oc=5&hl=en-US&gl=US&ceid=US:en,2025-10-17 18:23,2025-10-29 13:10,news.google.com
일학습병행,"전주비전대-전주공고 일학습병행, 세계 무대에 통했다 - 투데이안",https://news.google.com/rss/articles/CBMiakFVX3lxTE1WSHZFTFNjcUdhYlNINmtNTG1yVnppTFNlQjlUTmM5aUFKZThlb2JEVDRxZ0hwOG91XzFldERvZF9yYjlNSXFBZ1F0MXBiYWhjY1F0MFVXUkx6Rm44NlZDWnVRS1IzcUFTdkE?oc=5&hl=en-US&gl=US&ceid=US:en,2025-07-17 16:00,2025-10-29 13:10,news.google.com
일학습병행,"한국기술교육대, ‘일학습병행 기업전담인력 양성교육’ 1,230명 실시 - 조선일보",https://news.google.com/rss/articles/CBMiggFBVV95cUxQRU1YeWRGNl8waXNtbWlzRVNHWEluME1ZUU1kQUhneHZ5VW1aNnB5OTVuZG9XZHlHbnc4WHNoUjN4U0lzUzRrZ243T0cxQVVsdzN4VjZLRjRQbW1CM2VkNDlpbm1hMXBzVEdxcTlTbVRabDZCQU1RZk5OWlBzTF95REN3?oc=5&hl=en-US&gl=US&ceid=US:en,2025-04-14 16:00,2025-10-29 13:10,news.google.com
일학습병행,"한국공학대, 일-학습 병행 2년 연속 ‘최우수’ - 문화일보",https://news.google.com/rss/articles/CBMiUEFVX3lxTFA5R2k2U3dDaFJoZ2VHcHh5bFZYSDNjcXo1SlJaUWl6Q2o1cjNDQ1lvU2JlYlUyX2EteDZzM2RTSTBEQ1dSdXU3ZktvZ3BHTUot?oc=5&hl=en-US&gl=US&ceid=US:en,2025-06-25 16:00,2025-10-29 13:10,news.google.com
일학습병행,"'일학습병행' 만난 고교생들…""취업·대입·군대 '세 토끼' 잡았어요"" - 한국경제",https://news.google.com/rss/articles/CBMiWkFVX3lxTE9SYzUySTBadnlMN0oyNzhSUnd2RG9zeXd2aUhyN1kxWHpuV0J0VDlmTlJNRGlYX0NSMGdDdkp4RGZkV195bVRmQWRER2RCbEhiMmo4SHI2Vjdrd9IBVEFVX3lxTFAyZ2RTYWQ2MzdjR1dxUFJWdTRpaXZQQVVfcHVWZXIzTUd0dmc1VFRIbDllSDhpME1Rb28zLXQyZTEtWFBXVTliRXNwTGRQTy0tNVJmWQ?oc=5&hl=en-US&gl=US&ceid=US:en,2024-11-26 17:00,2025-10-29 13:10,news.google.com
일학습병행,"인하대, 일학습병행 사업 4년 연속 A등급 우수대학 - 인천투데이",https://news.google.com/rss/articles/CBMicEFVX3lxTE42V296R2Nid0VoRXUxMkpFUnFyTFNJdG0xc1NPVk9qNVB5TUljdDhYVmdjQ2lNRXR4TnhmWmV2Zy1OMk5ENFBBQ2ZDRlZRVXZjbFlNUW00QnhocFF4UTR6T0VJRVVhZ3Qtc0M4TnZwU3Y?oc=5&hl=en-US&gl=US&ceid=US:en,2025-06-23 16:00,2025-10-29 13:10,news.google.com
일학습병행,"산업인력공단, 고교생 일학습병행 학습근로자 대상 '이차전지' 특강 - 네이트",https://news.google.com/rss/articles/CBMiU0FVX3lxTE5mLWZ4YzhTZjk4bDAwY2xkOWVkVGdoM0lvdEw4R0lnZFp5cU9VX3FBZ3ZnSlpxMXNuaV9RNHVrWk93dDlGb2lad0hIeGZpeFFZMWdF?oc=5&hl=en-US&gl=US&ceid=US:en,2025-05-21 16:00,2025-10-29 13:10,news.google.com
일학습병행,"고교생 일학습병행 학습근로자 대상 ""신기술 특강"" 실시 - 서울Pn",https://news.google.com/rss/articles/CBMigwFBVV95cUxQaXY1UnJwVUtfMllxNUQ2QVI0ZzBQMEVjY0h4R1I5MEltVGtnd1ZsQmdNeVJaelIzc05QN0FlRUgyaUt0T182R2l2UW1NY1V2QXFNaFVFVFdRWExlM0ZIYmdUYlFYenE0UjdVUXhZSzdpc29aNlpkazRCcXptVmZDcXZ6Yw?oc=5&hl=en-US&gl=US&ceid=US:en,2025-10-13 19:42,2025-10-29 13:10,news.google.com
일학습병행,"“10년 된 일학습병행, 미래형 인재 양성으로 전환해야” - v.daum.net",https://news.google.com/rss/articles/CBMiVEFVX3lxTFA0OW5YU3FJUzhrVkhNWWxCU2pGOUpKRlptczdYZkVNMUMxS2V4Rm4zeFk3aENhN0NTaHlSR25VdzZlS0JzNkcwWVJlaHFLY3hwMkhnZA?oc=5&hl=en-US&gl=US&ceid=US:en,2025-07-16 16:00,2025-10-29 13:10,news.google.com
일학습병행,"울산공고, 일학습병행 우수사례 경진대회 2년 연속 수상 - 뉴시스",https://news.google.com/rss/articles/CBMiYEFVX3lxTE5MT2JMTUdQRjBlSmI2V1dBaC1lLXRMXzJMR0dzOFBHeldHSVFpZjBOY2JWeFZWZC1rb0NOQU14dVRsMk04ajM4dU5UUUgtajZvaE5WbTBjWm9RMW5VZnotVNIBeEFVX3lxTE1Jdlh1SGJLX2Njcjd0MHpjX1p3OU9YV0pSal8tT3RMVGNqdWprblZMWEhjcExEcG53bHh5aGVJS1hFNXRIdmhjQzNDd2JjeXJoZnlqQU1meFB3WWtueVVlLU1UNE13S0tKZXpfT1kzRkNCcUMyeEdmQQ?oc=5&hl=en-US&gl=US&ceid=US:en,2025-09-29 16:00,2025-10-29 13:10,news.google.com
일학습병행,유한대 일학습병행사업 ‘2025 시흥시 진로박람회’홍보 부스 성료 - 교수신문,https://news.google.com/rss/articles/CBMiZ0FVX3lxTE5uWm9iWUllVE1RQzdJM3hvTDJGY2tnWjdNdWNUQm9XOWJKVS1LODV2TWZ3dGFTOUdfN2xwRFIxT213dG9kTFRNWmRYMTNtbjMzeHoyQUc4MGZaTWtPc3ZOeEFKQzFSbUk?oc=5&hl=en-US&gl=US&ceid=US:en,2025-09-30 16:00,2025-10-29 13:10,news.google.com
일학습병행,"인하대, 2025학년도 일학습병행 학습근로자 커뮤니티 개최 - 뉴스1",https://news.google.com/rss/articles/CBMiVEFVX3lxTFBrN2ttSWE3NXFPMlhvNWFvZUU2SnFBcEY5UjQ2ZWRMM2tSR29NMkp6UTBKWnZ5dS1pc29tbmRsZHo3d3JIZ2h2UnNiNDV2djBoNWdaMw?oc=5&hl=en-US&gl=US&ceid=US:en,2025-07-17 16:00,2025-10-29 13:10,news.google.com
일학습병행,"동남보건대, ‘일학습병행 첨단산업 아카데미’ 2024년도 성과평가 s등급 선정 - 한국대학신문",https://news.google.com/rss/articles/CBMiZkFVX3lxTE9wVjU3Y010ZDlYNWFRRmhDaXE3UTUtclpuX3IyT2JsOWxqX3NyY3NFeW9ZNGlGTlU4aHpwTkYtY2lZLURabXdwdDJyTmxhbHgzaFdiQlMyRjFBY2RrNjdkLVNDa3J4dw?oc=5&hl=en-US&gl=US&ceid=US:en,2025-06-26 16:00,2025-10-29 13:10,news.google.com
일학습병행,"동남보건대, ‘2024년 일학습병행 첨단산업 아카데미 성과평가’서 최우수 등급 획득 - 경인일보",https://news.google.com/rss/articles/CBMiUkFVX3lxTE8xakpDS19RVkxFZnBvWXdyY1JJSDZMSjlIQS1LWVlacGtuRFZjb3pKOUpmVm51NjNxWFJCb3VJQjhtdmZtX1hkbnZfOXNhWFV4MHc?oc=5&hl=en-US&gl=US&ceid=US:en,2025-06-09 16:00,2025-10-29 13:10,news.google.com
일학습병행,"경기인력개발원, 일학습병행으로 지역 인재·기업 동반성장 이끌어 - 매일경제",https://news.google.com/rss/articles/CBMiVEFVX3lxTFA4M19DeFVfSFR6NjdzcV9ONHNWZk5XT2IyRDVmcVktTExDT3lJV25RYW1rSC03MG5rTjJmZjdGb1hmZTZEbGNmOUxEUmZ6SVYtNi1UaQ?oc=5&hl=en-US&gl=US&ceid=US:en,2025-10-01 16:00,2025-10-29 13:10,news.google.com
일학습병행,"[에듀플러스]한양여대, 싱가포르와 '일학습병행 제도' 소개 교류 행사 개최 - 전자신문",https://news.google.com/rss/articles/CBMiTkFVX3lxTE5NdG9hN3JzSmljdmpzWWo1VjVNaDJrTHpiQjVmZWNseEtkZnB5RHJVYVBmVDh0UU12Q01vNFZJVV9zamw2WGhERHFTa09EUQ?oc=5&hl=en-US&gl=US&ceid=US:en,2025-07-29 16:00,2025-10-29 13:10,news.google.com
일학습병행,"[대전소식] 배재대, '일 학습병행사업' 전국 유일 7번째 S등급 - 연합뉴스",https://news.google.com/rss/articles/CBMiW0FVX3lxTE5hdXlORVdIYkZXMG4xUUFmaXBqNUJtaEwwUHRxc3lBS2djN0dYNHZxaEZZVGU4VjZSUUo3dnRtdm55cjBRV2xuUmVoVTdZd2plcEF1TlFDbUxpZHPSAWBBVV95cUxOT0x3aXcxN0JIWnhoV1pTR01mTXYwLVNsSFplT0RBQ0ZqdDdDOUJ3TkFhamFQeHV5cEtya1JsQklmR1dYTlFYNmE1c2lrVUZUSUNTc2g2MkhqXzRBcGhpMkg?oc=5&hl=en-US&gl=US&ceid=US:en,2025-06-29 16:00,2025-10-29 13:10,news.google.com
일학습병행,"중부대, 2024년 일학습병행 공동훈련센터 성과평가 ‘A등급’ - 고양신문",https://news.google.com/rss/articles/CBMiakFVX3lxTE0tdVR4aFJJQUI4TUd1V01hZ1M2U09jdXd5alQxcDNKTm5iRm1uMDhELXBVU1ltUTQ5UUk4aUtwYlJMYlFXY29KMWZManMxSEVqdTZ5WEtiRjBYVWsxRllSc3lwSllBUjJJaHc?oc=5&hl=en-US&gl=US&ceid=US:en,2025-06-17 16:00,2025-10-29 13:10,news.google.com
일학습병행,"권창준 차관 ""일학습병행 통해 청년 경력·자격 쌓도록 뒷받침"" - 파이낸셜뉴스",https://news.google.com/rss/articles/CBMiWkFVX3lxTE55TWd1aDZFWl9VSWFlbklRT1ZtbEtzQVY1czNFUm50bllMcVBsWGJSbFF0S01FRnRuRGkxY3V6VW1TOTZ2bnA1dUdfSVlXMEpiZFZzMl8zdnFtd9IBXkFVX3lxTE5CTWNyU3lYd1hocDEtQWdqMXl4Z2V6WDVlaFlVSFpFQ0R4amVteVE3d1V1Njl2QXp2TTVGV21jVGNOWHlGcHJURHFHNTR3S19PSng4LVNNZXowWVQxVUE?oc=5&hl=en-US&gl=US&ceid=US:en,2025-10-23 17:55,2025-10-29 13:10,news.google.com
일학습병행,일학습병행 학습기업 관계자 워크숍 - 새거제신문,https://news.google.com/rss/articles/CBMia0FVX3lxTFB4Y3JGYUs1M3BNZC1OZjRLNkxZeG1ERFF6Y21EZGtfNmtmeHpLa1RudWxJRlRHOUR3V1M0dmljdGZNcWZ3eUxQemlwQU00cDYzYWtUaE5ObjFvakV6ZkpqdU84RW42S09YQzl3?oc=5&hl=en-US&gl=US&ceid=US:en,2025-09-23 16:00,2025-10-29 13:10,news.google.com
일학습병행,[단독] “E-7 비자도 없는데”… ‘유학생 일학습병행’ 참여 저조 - segye.com,https://news.google.com/rss/articles/CBMiWEFVX3lxTE5ZN2lQMFJlNG5sdHRWRmx3WHJfTFo3N1FydzhTZUtLN1FISkV5V3Nqc016OTcyd2VHX1ZrZjFBdG9rSGhrbjQ3bEpKaUI3VEphbW10NEN5Rk_SAVRBVV95cUxPVFQ0M1ZUbG10OUZ5YzdMd3pTOUh5MG9HX2ZhS1ZFUHZXY1ZaVkZscmdVWnR1YlBPdmNzcGRwdTBWdDh6SkhxZXAzaWl2R1FCdG1pY2U?oc=5&hl=en-US&gl=US&ceid=US:en,2025-08-05 16:00,2025-10-29 13:10,news.google.com
일학습병행,"유한대학교, 일학습병행 특화대학(KAP) 사업 선정 - 부천포커스",https://news.google.com/rss/articles/CBMiakFVX3lxTE5CbmpidGNTMlQ4ejdhT0N0dFBJbmp1ZXZFcmpaY2JpZWE5Qk5mbkpmLXQ5S2FQRE9USUFPaGluM2hiU282dWZjYkNkU282b1NOZlVEaEd3X1p0UDA2alFQVXVGN0hWcmVRMVE?oc=5&hl=en-US&gl=US&ceid=US:en,2025-10-14 16:00,2025-10-29 13:10,news.google.com
일학습병행,"경기남부 공동훈련센터·학습근로자, 일학습병행 경진대회서 대거 수상 - 경인매일",https://news.google.com/rss/articles/CBMiaEFVX3lxTFB2RHI1ZDNxdzg4cGR1N1M2Z3JCaEIzaFFYYTBsS29nSXdGS0E4dEdWWnZrbU51LXhsbmozVFRhZTA2OGVibWwyeDQzdGNIcVdUVF9pVkdab3ctaUpKakdxX3VEcU5lMzV5?oc=5&hl=en-US&gl=US&ceid=US:en,2025-09-25 16:00,2025-10-29 13:10,news.google.com
일학습병행,"유한대, 2025학년도 일학습병행사업 신규 학습기업 간담회 개최 - 한국대학신문",https://news.google.com/rss/articles/CBMiZkFVX3lxTE1WYUdVT0V3X0x5Yk0yaDZMZ1A1bXNjWXRucVhMYVRnam1ZdXMwMTFIa3RLaVZldjB5N2p0U1lHOFhoRUR3bWQySk82aEMtWVVuQ1hHV1pOaGpZMEtDd3JScUxVNGlKZw?oc=5&hl=en-US&gl=US&ceid=US:en,2025-05-09 16:00,2025-10-29 13:10,news.google.com
일학습병행,[대한민국의 중심 충청] 광역형 비자 도입으로 일·학습 병행 ‘K-유학생 제도’ 탄력 받는다 - 중앙일보,https://news.google.com/rss/articles/CBMiVkFVX3lxTFBEU2Fob1poeUdxTGFrVkpnVEh5WTJKQ2ctVkY0M2MyX2VrOVNsYXJqMVhsYjBzb2hvUHZJaDFGeWRScE1FaGxrMHcyVVZYTm1IeGdwYW5B?oc=5&hl=en-US&gl=US&ceid=US:en,2025-04-27 16:00,2025-10-29 13:10,news.google.com
일학습병행,"동원과기대, 고숙련일학습병행 융합자동차기계과 재학생 기계가공기능장 합격 - 한국대학신문",https://news.google.com/rss/articles/CBMiZkFVX3lxTE9tcjU4Mmh5aExucnZlMzVOZFp3cXBBbVpMSDg3VWlpUHNTdW5zanZfc3VLOTVtd2xCVEpjZnB6LWRNU2Z6U3J1VUhTeEF1VWRaM2NTU3Vpa0hZbFZyY0F5MWZQSXdMUQ?oc=5&hl=en-US&gl=US&ceid=US:en,2025-10-10 16:00,2025-10-29 13:10,news.google.com
일학습병행,"국립한국교통대, 전국금속노련 충북지역본부와 ‘일학습병행 활성화 업무협약(MOU)’ 체결 - 교수신문",https://news.google.com/rss/articles/CBMiZ0FVX3lxTE1uVjg3bDB3bC1iZHNtaDRUektXcjdaT0p2enEwNlV4eGJZaDVOVVk2Q0FUVHN3SVZNN3ZnV0s5LTQydC1qOHdNZU53WWVwUW5tanVGR0NpdUJkZ2tJZl8tLWpfVGZSelk?oc=5&hl=en-US&gl=US&ceid=US:en,2025-10-14 16:00,2025-10-29 13:10,news.google.com
일학습병행,‘일·학습 병행’ 유명무실…유학생 근로자 활용 저조 - KBS 뉴스,https://news.google.com/rss/articles/CBMiZkFVX3lxTFBqenJrZ0RMUTdpTlkzVzQtUnRZYjZmMklQeGxBRHBYUTMtVlJibTJUN1lzMGp3SUdhMFB6WGZ2QVZOR3dPQWpMNDRkRnVZSWM0RFhQOFVJaVFkQVY2a2tNNGxNU1Y2Zw?oc=5&hl=en-US&gl=US&ceid=US:en,2025-09-15 16:00,2025-10-29 13:10,news.google.com
일학습병행,"인하대, 일학습병행 학습근로자 커뮤니티 개최 - 중앙일보",https://news.google.com/rss/articles/CBMiVkFVX3lxTE9Ra0JDWk5sZUpwTkpGbkw4bDBTTmZSRUQ4VklYOTZfM3hBZG9yM2ZMZ19NUkkwZUpOMFprbUV2ZDlfQ1BadTFsbktnLU1mRmR6cnk1Nnd3?oc=5&hl=en-US&gl=US&ceid=US:en,2025-07-18 16:00,2025-10-29 13:10,news.google.com
일학습병행,"순천향대, ‘2025년 일학습병행 우수사례 경진대회’ 최우수상 - 한국대학신문",https://news.google.com/rss/articles/CBMiZkFVX3lxTE1ocWU1QVUzNGdzckM2VGVSTHhYaXJmM094V3FjdkNfZFRmRzVGUnZCbzlfeVZFUlhXUFVfYllCb20tcHQwZ1YwaWE0cXVZQVVwTTgwc0NKdHJZaXBYQTR3dU81Tk9Wdw?oc=5&hl=en-US&gl=US&ceid=US:en,2025-09-26 16:00,2025-10-29 13:10,news.google.com
일학습병행,"배화여대, ‘2025년 일학습병행 우수사례 경진대회’ 3개 부문 수상 - 스마트경제",https://news.google.com/rss/articles/CBMib0FVX3lxTE14SmlaUmNoMWVRRU83UFFFTlNnVE1udnJkTWdESXR3ZnZmNkRKWHgtVnd6OXRKNUVtRzZwSFBkNDlPcXlES0U5U3FHM2xnX0xqRVZjUWNHNXpPNmtKaXpST2JoSFA2VjVxcUtRejd0Yw?oc=5&hl=en-US&gl=US&ceid=US:en,2025-10-13 16:00,2025-10-29 13:10,news.google.com
일학습병행,"권창준 차관, 일학습병행 기업 방문 - 네이트",https://news.google.com/rss/articles/CBMiU0FVX3lxTE0wNUFPX0t6Y1V3d3ZIczNPMkxnSDhveVVQZVVkaGcxUHg0bjd3eVBJMFYwbTd0QjNuSHhocG14S1JWQlNRa0N1SkxtMmE1ZFEzLVlv?oc=5&hl=en-US&gl=US&ceid=US:en,2025-10-23 16:13,2025-10-29 13:10,news.google.com
일학습병행,"경남대학교, 일학습병행 공동훈련센터 성과 '우수대학' 선정 - 연합뉴스",https://news.google.com/rss/articles/CBMiW0FVX3lxTE16UzhNWjRjbDRzY2U5THpiMUR1ZWdmVGJtUkZ5d2EzVnhuWWZycy1SNEltTnljZjZvN2I1LTM3aFlGY3BCa2puZ2ZqY2gwbGpWOXFpYjF4RUE2d0nSAWBBVV95cUxQMjh1dFoySkd3RnBILW5xZDhJb2FNdzdkcnZYUHJSS1VNUE1YZURLcDJadmZxTjNNVFJ4Z1FrckxZcTB1d24zemZUZDFOaUtTZnZod0VoV3ZvcTZqc0R5NUE?oc=5&hl=en-US&gl=US&ceid=US:en,2025-07-31 16:00,2025-10-29 13:10,news.google.com
일학습병행,[단독] ‘외국인 유학생 일학습병행제’ 수료 3명뿐 - segye.com,https://news.google.com/rss/articles/CBMiWEFVX3lxTE8wXy1IWkRaNUczcThjX2h1Qmc1YXlYUW5odExWTzZndmlFcXI3bmZKR19tY0F1MUd0ZkN0UEpnMlVaSWx3NXl2SkJSVjJvQmNGQW9yaEtNdkvSAVRBVV95cUxPVW9iMnhpVWYwVV9aZ1NvSW5XMjN5dU5qLVFJRExRMm5BS3o3elFrZEx4ZEEzTlFtODRldkpTbGtpZkFHTEdCcEpLRjlBdUllMHZUa2o?oc=5&hl=en-US&gl=US&ceid=US:en,2025-10-19 17:45,2025-10-29 13:10,news.google.com
일학습병행,"영산대, 고용노동부 일학습병행 성과평가 A등급 - 중앙일보",https://news.google.com/rss/articles/CBMiVkFVX3lxTE5fU3g5VkwyQ1hGV2ZZVDlPUDRJVzlESlRjZDdGMEdFLUh1cDdya0JSdGVSUkRDLVhQalBpXzc3WTV0ZTZMbmVlRTI4RlZlODc1WEtXbEh3?oc=5&hl=en-US&gl=US&ceid=US:en,2025-07-29 16:00,2025-10-29 13:10,news.google.com
일학습병행,"권창준 노동부 차관, 일학습병행 기업 방문 - 뉴시스",https://news.google.com/rss/articles/CBMiYEFVX3lxTE9kNlJYUjVSUU52WkRya3UyMDNwVXdobGtQOTA1MnlBc25yT2FUUEJqNUIyWVNlLVp1T3BMRGVOcldFbW1XRC01RDY0eTAwUVN3RE1oSU01NlBCYlB0eTZ2cA?oc=5&hl=en-US&gl=US&ceid=US:en,2025-10-23 16:23,2025-10-29 13:10,news.google.com
일학습병행,"권창준 노동부 차관, 일학습병행 기업 방문 - 네이트",https://news.google.com/rss/articles/CBMiU0FVX3lxTE9lcGFQOTZVYjVUcHQ2Qmxxc1NveGxhcHU0ZGNmWnhZdjBiQXZRZTBWR0hNWG5ZbFpfcENnQ0VRTGdoWGNxMVQ3UEpYYkp2LVg3amFZ?oc=5&hl=en-US&gl=US&ceid=US:en,2025-10-23 16:23,2025-10-29 13:10,news.google.com
일학습병행,고교 일학습병행 학습근로자 대상 ‘안전교육’ 실시 - DWBNEWS,https://news.google.com/rss/articles/CBMiaEFVX3lxTE01RjNuV0hjQjlzSlVXajRaeDVQYjkyS21VNVBwaWxKOUVvZElQZUZQNXBZSUtFemJkdnMtUWp4WVRjVWhPWm1XblhGVHd0VF85TXZPWTNWeDZEY3dJdklmbTR3RjFmbmJF?oc=5&hl=en-US&gl=US&ceid=US:en,2025-10-17 10:40,2025-10-29 13:10,news.google.com
일학습병행,"노동부, 일학습병행 애로사항 청취 위해 현장 간담회 개최 - 아주경제",https://news.google.com/rss/articles/CBMiWkFVX3lxTE1aTnAyU2dYTHZ5Ql9HcnlOYmI1UXh3OUc4eVAyd1U3NlNTUmJ6MHBudmlqTElpaHpEMnpMWXVHZ3lkUFR5b0JYc2VjQm0tUXhJQjVUZUxlaGdzQdIBWEFVX3lxTE1ibjdiNFVTZTVUdU1IanNVZHlzUks0RzlsMkcwZ3h2UXFKejBkblNjdElud2RLS3NzY0tDUWpuTUREbHkzSXdVOEhaRy1qX3JuckxwNmR6UUg?oc=5&hl=en-US&gl=US&ceid=US:en,2025-10-23 14:00,2025-10-29 13:10,news.google.com
일학습병행,한국기술교육대 ‘일학습병행 기업전담인력 교육강사 워크숍’ 성료 - 조선일보,https://news.google.com/rss/articles/CBMiggFBVV95cUxPUHpqYVlreFdxRWFMN1JwS1oxQVBBdkt2OWtmX0ZDbVdWMGo0QldpZEQ2VFlWMncxMmRaUG1Fcm44YnNjUlMxcmNIZG1xRTkxRVBtUk44bHJVUFJWZHdIS055a3d6N2Naa3hrSFFhWlRhWldOZ3BzMjU1d3Y2OXliZWNB?oc=5&hl=en-US&gl=US&ceid=US:en,2025-06-17 16:00,2025-10-29 13:10,news.google.com
